parameter,value
beta1_gdp_pc,2.548483050309497e-6
beta2_gdp_pc_sq,-4.0766110052326753e-10
turning_point_usd,3125.7373429035824
r_squared,0.991506858372761
